{
    "CalibratedOpticalCenterX": 1296.0,
    "CalibratedOpticalCenterY": 972.0,
    "VignettingData": "-0.000097890, 1.381725e-06, -3.937073e-09, 6.648636e-12, -5.038428e-15, 1.452479e-18",
    "DewarpData": "2023-06-10;2165.699951171875,2164.560058593750,-2.650024414062,-1.807006835938,0.005983590148,-0.043159399182,-0.000169277002,-0.000603504013,0.000000000000",
    "CalibratedHMatrix": "1.002983e+00,1.469275e-02,-1.769790e+01,-1.464272e-02,1.002366e+00,2.073769e+01,5.808436e-07,-4.040613e-07,1.000000e+00",
    "BitsPerSample": 16,
    "BlackLevel": 3200,
    "SensorGain": 3.363,
    "ExposureTime": "1/500",
    "SensorGainAdjustment": 0.533662,
    "Irradiance": 6675.343,
    "VignettingCenter": [
        1279.461914,
        914.183777
    ],
    "VignettingPolynomial": [
        -9.788973e-05,
        1.381725e-06,
        -3.937073e-09,
        6.648636e-12,
        -5.038428e-15,
        1.452479e-18
    ]
}