{
    "CalibratedOpticalCenterX": 1296.0,
    "CalibratedOpticalCenterY": 972.0,
    "VignettingData": "-0.000162318, 1.979176e-06, -5.673008e-09, 9.126927e-12, -6.615519e-15, 1.812743e-18",
    "DewarpData": "2023-06-10;2180.820068359375,2179.600097656250,-4.790039062500,-3.250000000000,0.004756450187,-0.040852900594,-0.001119890017,-0.000054490702,0.000000000000",
    "CalibratedHMatrix": "9.987000e-01,-2.958009e-03,4.014517e+00,3.961779e-03,9.968338e-01,4.690430e+00,1.571220e-06,-4.051660e-07,1.000000e+00",
    "BitsPerSample": 16,
    "BlackLevel": 3200,
    "SensorGain": 1.049,
    "ExposureTime": "1/640",
    "SensorGainAdjustment": 0.769864,
    "Irradiance": 6394.381,
    "VignettingCenter": [
        1282.515869,
        915.921692
    ],
    "VignettingPolynomial": [
        -0.0001623183,
        1.979176e-06,
        -5.673008e-09,
        9.126927e-12,
        -6.615519e-15,
        1.812743e-18
    ]
}