{
    "CalibratedOpticalCenterX": 1296.0,
    "CalibratedOpticalCenterY": 972.0,
    "VignettingData": "-0.000115373, 1.770624e-06, -4.713903e-09, 7.325446e-12, -5.338319e-15, 1.490910e-18",
    "DewarpData": "2023-06-10;2182.620117187500,2180.449951171875,-2.050048828125,0.916992187500,0.006910549942,-0.043655298650,-0.000981456018,0.000324454013,0.000000000000",
    "CalibratedHMatrix": "9.966073e-01,8.497515e-03,-8.047813e+00,-8.876893e-03,9.943138e-01,2.337764e+01,1.473523e-06,-1.413395e-06,1.000000e+00",
    "BitsPerSample": 16,
    "BlackLevel": 3200,
    "SensorGain": 1.021,
    "ExposureTime": "1/725",
    "SensorGainAdjustment": 0.937386,
    "Irradiance": 5484.287,
    "VignettingCenter": [
        1287.066406,
        915.037231
    ],
    "VignettingPolynomial": [
        -0.0001153728,
        1.770624e-06,
        -4.713903e-09,
        7.325446e-12,
        -5.338319e-15,
        1.49091e-18
    ]
}