{
    "CalibratedOpticalCenterX": 1296.0,
    "CalibratedOpticalCenterY": 972.0,
    "VignettingData": "-0.000074451, 1.170628e-06, -3.377293e-09, 5.916280e-12, -4.538721e-15, 1.307833e-18",
    "DewarpData": "2023-06-10;2165.449951171875,2163.899902343750,18.709960937500,-0.458007812500,0.007983320393,-0.046675700694,-0.000407999993,0.000340066006,0.000000000000",
    "CalibratedHMatrix": "1.003004e+00,5.935931e-03,-2.807846e+01,-5.037712e-03,1.004132e+00,1.006672e+00,1.287447e-07,5.939367e-07,1.000000e+00",
    "BitsPerSample": 16,
    "BlackLevel": 3200,
    "SensorGain": 1.936,
    "ExposureTime": "1/500",
    "SensorGainAdjustment": 0.497007,
    "Irradiance": 7367.186,
    "VignettingCenter": [
        1257.743286,
        935.022339
    ],
    "VignettingPolynomial": [
        -7.44514e-05,
        1.170628e-06,
        -3.377293e-09,
        5.91628e-12,
        -4.538721e-15,
        1.307833e-18
    ]
}